package	source	analyses	observed_version	R_version
DESeq2	Bioconductor	bulk_additional,bulk_full,bulk_nosi	MISSING	4.4.2
EnhancedVolcano	Bioconductor	bulk_additional,bulk_full,bulk_nosi	MISSING	4.4.2
RColorBrewer	CRAN	bulk_additional,bulk_full,bulk_nosi,hyu_fibrosis,hyu_validation	1.1-3	4.4.2
clusterProfiler	Bioconductor	bulk_additional,bulk_full,bulk_nosi	MISSING	4.4.2
dplyr	CRAN	bulk_additional,bulk_full,bulk_nosi,hyu_fibrosis,hyu_validation,nfkb_shared	1.1.4	4.4.2
enrichplot	Bioconductor	bulk_nosi	MISSING	4.4.2
ggplot2	CRAN	bulk_additional,bulk_full,bulk_nosi,nfkb_shared	3.5.1	4.4.2
ggrepel	CRAN	bulk_additional,bulk_full,bulk_nosi,hyu_validation	0.9.6	4.4.2
jsonlite	CRAN	runtime	1.8.9	4.4.2
knitr	CRAN	bulk_additional,bulk_full,bulk_nosi,hyu_fibrosis,hyu_validation,nfkb_shared	1.49	4.4.2
limma	Bioconductor	hyu_validation	MISSING	4.4.2
msigdbr	CRAN	bulk_additional,bulk_full,bulk_nosi,nfkb_shared	MISSING	4.4.2
org.Hs.eg.db	Bioconductor	bulk_additional,bulk_full,bulk_nosi	MISSING	4.4.2
pheatmap	CRAN	bulk_additional,bulk_full,bulk_nosi,hyu_validation,nfkb_shared	MISSING	4.4.2
purrr	CRAN	bulk_additional,bulk_nosi,nfkb_shared	1.0.2	4.4.2
readr	CRAN	nfkb_shared	2.1.5	4.4.2
readxl	CRAN	bulk_additional,hyu_fibrosis,hyu_validation	1.4.3	4.4.2
rmarkdown	CRAN	runtime	2.29	4.4.2
scales	CRAN	bulk_additional,bulk_nosi,nfkb_shared	1.3.0	4.4.2
stringr	CRAN	bulk_nosi,nfkb_shared	1.5.1	4.4.2
tibble	CRAN	bulk_additional,bulk_nosi,nfkb_shared	3.2.1	4.4.2
tidyr	CRAN	bulk_additional,bulk_full,bulk_nosi,nfkb_shared	1.3.1	4.4.2
tidyverse	CRAN	bulk_additional,bulk_full,bulk_nosi,hyu_fibrosis,hyu_validation	2.0.0	4.4.2
