package	source	analyses
DESeq2	Bioconductor	bulk_additional,bulk_full,bulk_nosi
EnhancedVolcano	Bioconductor	bulk_additional,bulk_full,bulk_nosi
RColorBrewer	CRAN	bulk_additional,bulk_full,bulk_nosi,hyu_fibrosis,hyu_validation
clusterProfiler	Bioconductor	bulk_additional,bulk_full,bulk_nosi
dplyr	CRAN	bulk_additional,bulk_full,bulk_nosi,hyu_fibrosis,hyu_validation,nfkb_shared
enrichplot	Bioconductor	bulk_nosi
ggplot2	CRAN	bulk_additional,bulk_full,bulk_nosi,nfkb_shared
ggrepel	CRAN	bulk_additional,bulk_full,bulk_nosi,hyu_validation
jsonlite	CRAN	runtime
knitr	CRAN	bulk_additional,bulk_full,bulk_nosi,hyu_fibrosis,hyu_validation,nfkb_shared
limma	Bioconductor	hyu_validation
msigdbr	CRAN	bulk_additional,bulk_full,bulk_nosi,nfkb_shared
org.Hs.eg.db	Bioconductor	bulk_additional,bulk_full,bulk_nosi
pheatmap	CRAN	bulk_additional,bulk_full,bulk_nosi,hyu_validation,nfkb_shared
purrr	CRAN	bulk_additional,bulk_nosi,nfkb_shared
readr	CRAN	nfkb_shared
readxl	CRAN	bulk_additional,hyu_fibrosis,hyu_validation
rmarkdown	CRAN	runtime
scales	CRAN	bulk_additional,bulk_nosi,nfkb_shared
stringr	CRAN	bulk_nosi,nfkb_shared
tibble	CRAN	bulk_additional,bulk_nosi,nfkb_shared
tidyr	CRAN	bulk_additional,bulk_full,bulk_nosi,nfkb_shared
tidyverse	CRAN	bulk_additional,bulk_full,bulk_nosi,hyu_fibrosis,hyu_validation
Matrix	CRAN	hwangbj
