destination_path	release_bytes	release_sha256	initial_copy_sha256	status
archive/bulk/knockdown/Liver_siSLC7A5_bulkanalysis.Rmd	5226	960208364e1d8e9b21f34fe649b3b81413739a4c7e68524209e41d336e4792ad	960208364e1d8e9b21f34fe649b3b81413739a4c7e68524209e41d336e4792ad	unchanged_reference_copy
archive/bulk/knockdown/bulk_DESeq2.Rmd	22253	dae5f37954135d0b4b61da0e1767d4651b14412383f962a05259c1bf518a7304	dae5f37954135d0b4b61da0e1767d4651b14412383f962a05259c1bf518a7304	unchanged_reference_copy
archive/cellchat/cellchat_reanalysis_step3.Rmd	28305	b649d8fb63a48c12a484907eb182587f5622d3944d96c3d83bc5e3e62d9f4bb3	b649d8fb63a48c12a484907eb182587f5622d3944d96c3d83bc5e3e62d9f4bb3	unchanged_reference_copy
archive/initial_clustering/Cell_clustering.ipynb	1302	bff1dbf9a1e36888eaf8b307db4413eabac556416fc12a3c5829da93645f2a69	bff1dbf9a1e36888eaf8b307db4413eabac556416fc12a3c5829da93645f2a69	unchanged_reference_copy
archive/initial_clustering/Nuc_clustering.ipynb	19726	dc405ecd6cc32cd1a4a83615d4b4375e19930e76096a4109b20549e08e6ae673	dc405ecd6cc32cd1a4a83615d4b4375e19930e76096a4109b20549e08e6ae673	unchanged_reference_copy
archive/journal/Cell_SLC7A5_mono_analysis02.ipynb	42131	72820ec25c21b8814811332a04884b76521165fc00d07d0fdbb804fe1abbcfdd	72820ec25c21b8814811332a04884b76521165fc00d07d0fdbb804fe1abbcfdd	unchanged_reference_copy
archive/journal/Cell_clustering.ipynb	9637	1bcc8381241c8ca74f22bd81c24b06adf8b746f8a7561f090eca485567b036b1	1bcc8381241c8ca74f22bd81c24b06adf8b746f8a7561f090eca485567b036b1	unchanged_reference_copy
archive/journal/Figure1E_Hallmark_GSEA_from_Figure1.ipynb	184597	f9db9c7f724faa1f394402e0c28e11540c6b5bb5b66fffa3b0efdbf70c603ad2	f9db9c7f724faa1f394402e0c28e11540c6b5bb5b66fffa3b0efdbf70c603ad2	unchanged_reference_copy
archive/journal/Figure1_Nucseq_SLC7A5_pos_neg_analysis.ipynb	92220	fb7d0cbca03e8e76580cd102d3728f4ac9ff17622e64f5dd804dec6a575f5477	fb7d0cbca03e8e76580cd102d3728f4ac9ff17622e64f5dd804dec6a575f5477	unchanged_reference_copy
archive/journal/LAT1_pathway.ipynb	22092	be14aab2d86816fde1f8893665cb7dda86f769fc41e43544610c7a0abeeadd05	be14aab2d86816fde1f8893665cb7dda86f769fc41e43544610c7a0abeeadd05	unchanged_reference_copy
archive/journal/Nuc_clustering.ipynb	18228	c3ff8b9f032d54a421396eac90fd6c7b82510a2434f5f1f0a25e6cbf397c005a	c3ff8b9f032d54a421396eac90fd6c7b82510a2434f5f1f0a25e6cbf397c005a	unchanged_reference_copy
archive/journal/Nuc_monoMAC_analysis.ipynb	32694	724f1dde3c31fa5367239636c30662a0114f1b8d43e32a9f70df527a8a73b871	724f1dde3c31fa5367239636c30662a0114f1b8d43e32a9f70df527a8a73b871	unchanged_reference_copy
archive/journal/Nucseq_preprocessing.ipynb	25027	7e9bee2e1b865e8693584f04fe1556fba60686719b9caa2ec6ccfc6cec13c0b5	7e9bee2e1b865e8693584f04fe1556fba60686719b9caa2ec6ccfc6cec13c0b5	unchanged_reference_copy
archive/journal/cellseq_cellphoneDB.ipynb	94251	93d7e20f5d1e7dece8defcc623d3ba83f9ab87aa6e75ec3582dcee47d359b7aa	93d7e20f5d1e7dece8defcc623d3ba83f9ab87aa6e75ec3582dcee47d359b7aa	unchanged_reference_copy
archive/journal/cellseq_cellphoneDB_method3_percell.ipynb	56841	885622aa7a21546faf7b96967e6bd7b1819dd02d535bda72d631d39eeb5670f3	885622aa7a21546faf7b96967e6bd7b1819dd02d535bda72d631d39eeb5670f3	unchanged_reference_copy
archive/journal/journal_SLC7A5_scrna_script_001.ipynb	53266	8317f6a36ab8d084c820134051de1eb39c646846c17da5927a6bf2515b96f627	8317f6a36ab8d084c820134051de1eb39c646846c17da5927a6bf2515b96f627	unchanged_reference_copy
archive/journal/scRNA_analysis-01.ipynb	75052	f3b85eab3b8c14ffe00e7beb694d84edee7cc5cf827e61ef9e707c997cf6629b	f3b85eab3b8c14ffe00e7beb694d84edee7cc5cf827e61ef9e707c997cf6629b	unchanged_reference_copy
archive/journal/scRNA_analysis-02.ipynb	140915	e5275afc9ad7928960fd7e3559ca94723c5e5bb962a870790ccfe6ac5f6e8ba6	e5275afc9ad7928960fd7e3559ca94723c5e5bb962a870790ccfe6ac5f6e8ba6	unchanged_reference_copy
archive/journal/scRNA_analysis-03.ipynb	19314	195d98ecc9519802f81ed37b03267c7702a0f72a5b7947b27a49173932711db0	195d98ecc9519802f81ed37b03267c7702a0f72a5b7947b27a49173932711db0	unchanged_reference_copy
archive/journal/scRNA_analysis-04.ipynb	75915	eee56b6bd84bbd5af640bf52ad603e055542c283f6dcc159baa04137044e30a8	eee56b6bd84bbd5af640bf52ad603e055542c283f6dcc159baa04137044e30a8	unchanged_reference_copy
archive/journal/scRNA_analysis_merged.ipynb	212036	9528dc555b012fb29f7b4642ea557ef651ec3767cfac4c5f17b058ef682ef9bb	9528dc555b012fb29f7b4642ea557ef651ec3767cfac4c5f17b058ef682ef9bb	unchanged_reference_copy
archive/journal/scRNA_mono_analysis.ipynb	118789	2c628be5470f265a5115547c7adc74f25127409af35f0a4165f9c59429c30f55	2c628be5470f265a5115547c7adc74f25127409af35f0a4165f9c59429c30f55	unchanged_reference_copy
archive/journal/scRNA_mono_analysis_v260114.ipynb	187005	313364f27ed8ba7a0ea649b6760b28d0082eaf45e785951ecd8dd9925614eaf6	313364f27ed8ba7a0ea649b6760b28d0082eaf45e785951ecd8dd9925614eaf6	unchanged_reference_copy
archive/journal/scRNA_pipeline.ipynb	216188	ba002e8c0019918293995a9914c879e96de17dca7c98ac5a76ca91d911252f2e	ba002e8c0019918293995a9914c879e96de17dca7c98ac5a76ca91d911252f2e	unchanged_reference_copy
archive/journal/scRNA_stellete_analysis01.ipynb	6386	f5b9adfc809166e7f6a58bb113e823885e5720e3d8d179e9f035e72af24006d8	f5b9adfc809166e7f6a58bb113e823885e5720e3d8d179e9f035e72af24006d8	unchanged_reference_copy
archive/journal/siSLC7A5_bulk_deconv.ipynb	11986	723b8d023e4756165a5834805f05040762cb74d542569e7b0f79f5a917ed45cc	723b8d023e4756165a5834805f05040762cb74d542569e7b0f79f5a917ed45cc	unchanged_reference_copy
archive/multiomics/main/MASLD_multiomics_analysis_merging.ipynb	116409	c5b565d06ee1d178ba78ae95cfd52fedf0dcb6c36cdbb9086e682a1f1fe442c1	c5b565d06ee1d178ba78ae95cfd52fedf0dcb6c36cdbb9086e682a1f1fe442c1	unchanged_reference_copy
archive/multiomics/main/multiomics_macrophage_analysis.ipynb	33263	3783b669f904101726265fc86c8c53e4e718dc10294b157e74c401d76a1d30ff	3783b669f904101726265fc86c8c53e4e718dc10294b157e74c401d76a1d30ff	unchanged_reference_copy
archive/multiomics/mp_analysis/MASLD_multi_analysis.ipynb	36387	6eec9b41602fd9225cc10fb4de1d1ea61fe1cb3b4ba90158e85c940aeceefdd1	6eec9b41602fd9225cc10fb4de1d1ea61fe1cb3b4ba90158e85c940aeceefdd1	unchanged_reference_copy
archive/multiomics/mp_analysis/analysis_script/MASLD_multiomics_analysis.ipynb	49329	933ec1bb6532b44f9114d582d930075783afd764fb11cd9fa9f596d933c2911d	933ec1bb6532b44f9114d582d930075783afd764fb11cd9fa9f596d933c2911d	unchanged_reference_copy
archive/multiomics/mp_analysis/analysis_script/multiomics_macrophage_analysis.ipynb	27826	47d3088ca7081380229cbe01c21ee99d3136c02a300dffb5d3f1cae86b54e152	47d3088ca7081380229cbe01c21ee99d3136c02a300dffb5d3f1cae86b54e152	unchanged_reference_copy
archive/multiomics/mp_analysis/celltypist.ipynb	3291	b0145bacffc7df0597cc8cd4ef16b0a751846672f543b5eaa3c3fe914150f982	b0145bacffc7df0597cc8cd4ef16b0a751846672f543b5eaa3c3fe914150f982	unchanged_reference_copy
archive/reference_templates/bulkRNAseq_pipeline.Rmd	16139	f643c0c4d3359fb95d344e7602a38f32cc6fdade69c2984f244f7defee3892e5	f643c0c4d3359fb95d344e7602a38f32cc6fdade69c2984f244f7defee3892e5	unchanged_reference_copy
archive/scrna/MASLD_monoMAC_Cellchat.Rmd	1365	3630a1093fdb53a47b3b75a5eb220c54a1138792179bd8616e39e14ef2f9d562	3630a1093fdb53a47b3b75a5eb220c54a1138792179bd8616e39e14ef2f9d562	unchanged_reference_copy
archive/scrna/SLC7A5_scanalysis.ipynb	5135	1af904fb427085471ec7fd86136a80fc199c24474b2dd60df3ab61eb5bb391d0	1af904fb427085471ec7fd86136a80fc199c24474b2dd60df3ab61eb5bb391d0	unchanged_reference_copy
archive/scrna/preprocessing/sc_MASLD_analysis.ipynb	31556	19ff0dbcee47577387e9793d53c006a9e54dbc925b5b82acf8450d7112688f92	19ff0dbcee47577387e9793d53c006a9e54dbc925b5b82acf8450d7112688f92	unchanged_reference_copy
archive/scrna/reference/scRNAseq_Liver_Nature_2019.Rmd	325627	47e803f37108e20bf4fc195f60fbe4d0074a1e063b3bc4800ce44683cd49fddb	47e803f37108e20bf4fc195f60fbe4d0074a1e063b3bc4800ce44683cd49fddb	unchanged_reference_copy
archive/scrna/scRNA_mono_analysis.ipynb	124244	0203e2e658788872c91bc0e27300c45860f4a3a8840a7851f4adf9a9fb394c17	0203e2e658788872c91bc0e27300c45860f4a3a8840a7851f4adf9a9fb394c17	unchanged_reference_copy
archive/snrna/MASLD_nuc_MP.Rmd	14922	c046bdcfc9dfcf7b5354b8a7c8d5834f7fc1be78161729ab8bf44283a8dc341a	c046bdcfc9dfcf7b5354b8a7c8d5834f7fc1be78161729ab8bf44283a8dc341a	unchanged_reference_copy
archive/snrna/Untitled.ipynb	4539	bcf63c891ecd9aa6ee15ed8f337b54f76ad2d63d1b7f90cd3a47b5917993007c	bcf63c891ecd9aa6ee15ed8f337b54f76ad2d63d1b7f90cd3a47b5917993007c	unchanged_reference_copy
archive/snrna/preprocessing/MASLD_nucseq_analysis.ipynb	32909	3038b0f1356b62f6c2707face034241112275816455a09c84fcfaf8d5c12bf58	3038b0f1356b62f6c2707face034241112275816455a09c84fcfaf8d5c12bf58	unchanged_reference_copy
archive/snrna/preprocessing/Nucseq_prefiltering.ipynb	116968	4a6ed16edd20e10d5609ee61f09ddd84f187cd9978f2cd09ff17b7e1fe0f4be7	4a6ed16edd20e10d5609ee61f09ddd84f187cd9978f2cd09ff17b7e1fe0f4be7	unchanged_reference_copy
archive/snrna/sn_MASLD_mono.ipynb	102873	2e96aa0ef5d6f9d1fb6016fe508e8587d0e1e2b3754b2fff10d8e5e5baf7a1c4	2e96aa0ef5d6f9d1fb6016fe508e8587d0e1e2b3754b2fff10d8e5e5baf7a1c4	unchanged_reference_copy
scripts/bulk/hyu/HYU_SLC7A5_fibrosis_expression.Rmd	14443	e3f98ea22e9fdc432cc6e0f26534b245d23ed0893b658ad5df004e0ab209ccfb	af63e4382ecbde274557acb590847626a35eefe4144e2236d53a1d7a29771a63	refactored_manuscript_copy
scripts/bulk/hyu/HYU_independent_bulk_validation.Rmd	12810	ae74bc51fcf00d922d5a340108cbf91ccfdd6d0dcb68d7e9d61ca545bf080759	31387998f50aa8dff81683a73a296dd5ec716480be2bea4d51462384fe24b1dd	refactored_manuscript_copy
scripts/bulk/knockdown/Liver_siSLC_bulk_DESeq2.Rmd	42422	7b75310237b9824a0ab5fc4a33523e4111d13f6e6bff8673e48690b63dfa64f9	7bedbcb9ce9d5ef607cbdc0d2fd4a37256dac067edb1bb2c30f99b130f40ffba	refactored_manuscript_copy
scripts/bulk/knockdown/Liver_siSLC_bulk_DESeq2_nosiCon1.Rmd	39101	4bd59541fc524591d71e51ec0cdaedb1d91fd9cd36cab1b23e3c19d77a1904e5	f395d68964cb5b87672f02f8c6b9bbf1c79053cb2726a21c52d698119b882f63	refactored_manuscript_copy
scripts/bulk/knockdown/Supplementary_Figure_S3_shared_NFKB_targets.Rmd	24069	6514e0ba38d22a756e3304778fbc5fb36d97b109bee5e191dc8ab8b9783a6bdf	efcc1e42fc46fc34b2fb930ecca1c2541682160d5fe3255075ba95e9700142cd	refactored_manuscript_copy
scripts/bulk/knockdown/additional/Liver_siSLC_bulk_DESeq2_additional.Rmd	39314	c1b2cd20dfa25ed168b3fdb63dc539c4c8c51c34a46b1137b8d91a9f2b5fb3d8	45312532c202a40db6495aab5585687567c18eca5b8b7df73be0a0dd4ce65641	refactored_manuscript_copy
scripts/hwangbj/HwangBJ_analysis.ipynb	125487	6eaa14a66135f0f23202e6ae8ef460f61e1d5fbaeea3fe29afafdf65ab0017ff	1fca40b81e9f674bd7bb98a64f2a85e5acf3e793bdd2d07a6d7bc586f42d227e	added_hwangbj_portable_copy
scripts/hwangbj/HwangBJ_build_report.py	46545	670cc389c18ba200c6932b4b3ec08cb9b17f13467f1dbab8d1a6ebbce6c9b228	eba18d067828144db1037fea763d17ab142acf19f11ed566e443272fc0c33260	added_hwangbj_portable_copy
scripts/hwangbj/HwangBJ_condition_analysis.py	8145	166030d35d682b8bb4a0acb1177f968f441a4f8f095ba85804121c35350be78a	166030d35d682b8bb4a0acb1177f968f441a4f8f095ba85804121c35350be78a	added_hwangbj_portable_copy
scripts/hwangbj/HwangBJ_export_counts.R	1928	c08c06b40dd39fddb2ff7dc91251af891391dfca867afc5ec348fcfd0e64e9e4	c08c06b40dd39fddb2ff7dc91251af891391dfca867afc5ec348fcfd0e64e9e4	added_hwangbj_portable_copy
scripts/pbmc/SLC_pbmc.ipynb	44018	d98b1249747e8b9f13369dc90bf7c8f66fa05751ece2a583d998408adcc08df9	d1fb8cc18b4d01c3b428593cc30d81c7a564e5bbf2f8a3c1bff6e44441a94235	refactored_manuscript_copy
scripts/scrna/manuscript/Figure1.ipynb	111703	b2f1001da538836f261cc11724bc3c327d7a7b261cfb5710a288a049b59e14ed	e6fea3133a6e8cdb7dbf4fc0a17c645acb8943cb82d403b73e10668205a0bb1a	refactored_manuscript_copy
scripts/scrna/manuscript/Figure2.ipynb	123361	4ac71c1e9df2ee7c65e564232c206455ab2ac1dc38f55216ba17c77cd8a64160	5fb76b0c6ee1eb28d4e0f9c17d332c5c427304da1317967ac85374d55c9e882f	updated_donor_composition_2026_10_06
scripts/scrna/manuscript/Figure3-1.ipynb	175450	cbd95cf422eb7836a8223dff20f6be01bdf2c937691b23bf8bd47b4f8f123f45	92c0fe6fb39becd221cb89208a0cc58cffa2dad97b5dfaad85a9f968e9dce116	refactored_manuscript_copy
scripts/scrna/manuscript/Figure3-2.ipynb	90823	77a0916865127b3ebae7fa13a2aa49406af91916f0d670d57f4d5db84d9dc1ad	b1d72ad24198120b54ae8c8a0f53fe27f10e615bb8611829fa638b0e42cb3eb9	refactored_manuscript_copy
scripts/scrna/manuscript/Figure3-3.ipynb	21117	0434ae83d61718886734690fd284409557d57a20ab54d2830584db238cfdb929	a8fd8784174de7638c508cbcdc0dd7163571dbfd71b3b6d4c23e615c52dbc8dd	refactored_manuscript_copy
scripts/scrna/manuscript/Suppl_Figure2_analysis.ipynb	5648	c003f4ba406e7b067a79e4d76cc17261f10c04c2d61d4ef65aa956608c38b8b8	b070b24b08d3fa4fb2d2fcd69b9e7c4d98a63013ac475616ee291fc61238bb49	refactored_manuscript_copy
scripts/snrna/gsea/Nucseq_GSEA_SLC7A5Fig1.ipynb	47490	dd9d4f79f9e95213d888cbfef883493656d78949310db9e26f49d17e5877985f	3e6b8380c66d8d8267e61f3d4abf9bc5eae0bda98c0ce88ed9c3038db1d420b8	refactored_manuscript_copy
scripts/snrna/manuscript/Figure1_Nucseq.ipynb	90391	89fedc6cc2533119c7b5d5b21a5097873b3937c57ef02bfefc0a71605af67786	20bdba3fad14d9c54099e4ca853fa55784b54f57c83af30cd1ead2b7b639f440	refactored_manuscript_copy
scripts/utils/make_suppl_table.py	13101	00b9d65b676a9227ef0cf49171198a48587bd207a1d4f72dc448e844b11ff658	39f7bd12d7ffa79d1856a69f48fd92944b62e12d8bd34935c7dfd0d53052a92f	refactored_manuscript_copy
supporting/bulk/hyu/Liver_HYU_bulkanalysis.Rmd	3842	b5e78a51bc38f9a8bb95957d72e320f4b5faf9364cd502e36e2363beba628e39	b5e78a51bc38f9a8bb95957d72e320f4b5faf9364cd502e36e2363beba628e39	unchanged_reference_copy
supporting/cross_modality/Bulk_vs_NucSeq_overlap_analysis.ipynb	28175	9af290e9e885102568f44ddba0c3cd6e9d974e993fac8c6a6155793d757233d0	9af290e9e885102568f44ddba0c3cd6e9d974e993fac8c6a6155793d757233d0	unchanged_reference_copy
supporting/hwangbj/HwangBJ_stage_analysis.py	9824	9da867e401c1d7ed72a2ba5dd37fd3eec7eb69dd4eef4151dbf8dbf46191f4a3	9da867e401c1d7ed72a2ba5dd37fd3eec7eb69dd4eef4151dbf8dbf46191f4a3	added_historical_stage_helper
supporting/snrna/age/Liver_Nucseq_age_bin_analysis.ipynb	70451	6d70647096b160a7e4be73648643b921fa0f7b48d9cf6724dbf8c8ecdd6182bb	6d70647096b160a7e4be73648643b921fa0f7b48d9cf6724dbf8c8ecdd6182bb	unchanged_reference_copy
supporting/snrna/age/NucSeq_Fisher_Z_age_correlation_comparison.ipynb	41260	36f7d24dd4213d1b02d540353a2e71ca5588ad8bd984044a02184897633b09c8	36f7d24dd4213d1b02d540353a2e71ca5588ad8bd984044a02184897633b09c8	unchanged_reference_copy
supporting/snrna/integration/inhouse/Liver_MASLD_integrated_analysis.ipynb	201025	e4c9015b924817ea793ec15f9c3b8b81499a4a0b4530fa9da887d44e35341636	e4c9015b924817ea793ec15f9c3b8b81499a4a0b4530fa9da887d44e35341636	unchanged_reference_copy
supporting/snrna/integration/public_geo/01_SCVI_ref_cellannnotation.ipynb	8210	b4db22dbee82752f72444399bb475522c2de4d35abc40524507a1ceb0cd2d491	b4db22dbee82752f72444399bb475522c2de4d35abc40524507a1ceb0cd2d491	unchanged_reference_copy
supporting/snrna/integration/public_geo/Liver_Bio_Nucseq_analysis_0121.ipynb	166435	eef17022587db86b34a29013f787ebc014e4bb2032b4f2717c2d7348a0058292	eef17022587db86b34a29013f787ebc014e4bb2032b4f2717c2d7348a0058292	unchanged_reference_copy
supporting/snrna/integration/public_geo/Liver_MASLD_integrated_analysis.ipynb	203558	11e388c6bf03f1791a009ce99a7b6bd43b5ad5da71e6bf8339df74d4743c03fb	11e388c6bf03f1791a009ce99a7b6bd43b5ad5da71e6bf8339df74d4743c03fb	unchanged_reference_copy
supporting/snrna/other_celltypes/Liver_bio_Nucseq_Hepatocyte.ipynb	17914	9558a2361409295b5c2dd151c87c11a2054154f48d4b177b839f48ae6c0c397e	9558a2361409295b5c2dd151c87c11a2054154f48d4b177b839f48ae6c0c397e	unchanged_reference_copy
supporting/snrna/other_celltypes/Nuc_stellete.ipynb	6601	b1a9be9fce50689a86e09fd8fc082e8a991f1fa6cafdaac134e0a10ded7b42db	b1a9be9fce50689a86e09fd8fc082e8a991f1fa6cafdaac134e0a10ded7b42db	unchanged_reference_copy
supporting/spatial/Spatial_1.ipynb	25311	64f9e011def78c77b77a3e6570329c3d16f6e69c290d1c0a1f371b578bfc4073	64f9e011def78c77b77a3e6570329c3d16f6e69c290d1c0a1f371b578bfc4073	unchanged_reference_copy
