source_path	destination_path	copy_action	source_mtime	source_bytes	copy_bytes	source_sha256	copy_sha256	code_sha256	description
02_SLC7A5_mono_Journal/02_Analysis/pbmc/SLC_pbmc.ipynb	scripts/pbmc/SLC_pbmc.ipynb	notebook_copy_outputs_and_execution_metadata_cleared	2026-05-07T11:00:27	17142176	42936	4e0b2af2e6c775c4a2a72c1e1880d56e44672f93e92d0e27461ae3f8e55260a6	d1fb8cc18b4d01c3b428593cc30d81c7a564e5bbf2f8a3c1bff6e44441a94235	35fbf850626b7c2c4dc0659f368824a225f25035955be9288472d5fed1178654	PBMC 재클러스터링·단핵구 표지/시그니처 분석
02_SLC7A5_mono_Journal/03_Script/99_Archive/Cell_SLC7A5_mono_analysis02.ipynb	archive/journal/Cell_SLC7A5_mono_analysis02.ipynb	notebook_copy_outputs_and_execution_metadata_cleared	2026-04-02T13:55:48	5398205	42131	d46803dddf87411c7c96dc77ed52f0fea6f974370c46e7d9a89f2ff3ecbf7e4a	72820ec25c21b8814811332a04884b76521165fc00d07d0fdbb804fe1abbcfdd	9c2cfad2a32513498f210e5d34a99852423a903d2388a7e422623d3716747c9e	
02_SLC7A5_mono_Journal/03_Script/99_Archive/Cell_clustering.ipynb	archive/journal/Cell_clustering.ipynb	notebook_copy_outputs_and_execution_metadata_cleared	2025-11-26T14:52:10	2449094	9637	183503ac4afc10221543e8e7e5fd38c3d8bc80ca9aa163bca39e1c8d4b2f1f01	1bcc8381241c8ca74f22bd81c24b06adf8b746f8a7561f090eca485567b036b1	2e5ee5d2e00a3400ff0a5b6464df77781b023a83cf82d810c853cd2227032d33	
02_SLC7A5_mono_Journal/03_Script/99_Archive/Figure1E_Hallmark_GSEA_from_Figure1.ipynb	archive/journal/Figure1E_Hallmark_GSEA_from_Figure1.ipynb	notebook_copy_outputs_and_execution_metadata_cleared	2026-05-29T16:29:52	6472326	184597	f2e51e6bc9331bcc227ee628fa49f2baf68ed13ea8dd8afe42eb4d1ce1cc9817	f9db9c7f724faa1f394402e0c28e11540c6b5bb5b66fffa3b0efdbf70c603ad2	aeebaad719d4cfd622d18fe77ee9d663b593840cb0d206806bdf01fc20a807a6	
02_SLC7A5_mono_Journal/03_Script/99_Archive/Figure1_Nucseq_SLC7A5_pos_neg_analysis.ipynb	archive/journal/Figure1_Nucseq_SLC7A5_pos_neg_analysis.ipynb	notebook_copy_outputs_and_execution_metadata_cleared	2026-05-29T16:50:46	5650908	92220	73a3ec7866e96eec47fd95fc680ced4b8776b00b28d8410f27f65ebcccb614aa	fb7d0cbca03e8e76580cd102d3728f4ac9ff17622e64f5dd804dec6a575f5477	28e16d0888c91bbded7d7e3ee55ca2365599e5f13f61a6b9ebf4bd73ffb2520c	
02_SLC7A5_mono_Journal/03_Script/99_Archive/LAT1_pathway.ipynb	archive/journal/LAT1_pathway.ipynb	notebook_copy_outputs_and_execution_metadata_cleared	2026-02-16T15:28:02	6033713	22092	7a7007014c05ac9fc5f353e7df6a18256815da4cfc54550e645195f02868d0e4	be14aab2d86816fde1f8893665cb7dda86f769fc41e43544610c7a0abeeadd05	501b60b7ed65b8be7674352363ede6b1522f09bd57e1d13aafbf249b592cd288	
02_SLC7A5_mono_Journal/03_Script/99_Archive/Nuc_clustering.ipynb	archive/journal/Nuc_clustering.ipynb	notebook_copy_outputs_and_execution_metadata_cleared	2025-11-25T14:48:56	2595972	18228	2a4068eee99d0de331e30931f26022a575d78aa6cacd4fef416e5e8cee02740d	c3ff8b9f032d54a421396eac90fd6c7b82510a2434f5f1f0a25e6cbf397c005a	9c51c898e8536a72889fe89f59a576b08da8fa55549421538a4c8de358ce8a4c	
02_SLC7A5_mono_Journal/03_Script/99_Archive/Nuc_monoMAC_analysis.ipynb	archive/journal/Nuc_monoMAC_analysis.ipynb	notebook_copy_outputs_and_execution_metadata_cleared	2026-01-06T13:01:51	5026248	32694	27912d7ec02ea4385c8832cf02d706f37a10bf893c1e4b6056737aba0af00817	724f1dde3c31fa5367239636c30662a0114f1b8d43e32a9f70df527a8a73b871	821c044a7bab369fcb1ca523b631b94e5e26296bcf5e2ba89cde8f6990b32740	
02_SLC7A5_mono_Journal/03_Script/99_Archive/Nucseq_preprocessing.ipynb	archive/journal/Nucseq_preprocessing.ipynb	notebook_copy_outputs_and_execution_metadata_cleared	2025-11-25T14:51:38	1859446	25027	177d5d06bcdd5cf26a07ecf0d89847302df2158e8229bad6d438aff1d267156f	7e9bee2e1b865e8693584f04fe1556fba60686719b9caa2ec6ccfc6cec13c0b5	ba86395a9114089882b3020940f11fa2cc3c632c1111e1157412957dbbb23be5	
02_SLC7A5_mono_Journal/03_Script/99_Archive/cellseq_cellphoneDB.ipynb	archive/journal/cellseq_cellphoneDB.ipynb	notebook_copy_outputs_and_execution_metadata_cleared	2026-04-13T16:20:22	15055321	94251	2bb387bb8bf00bff51e98ae663cc0904f55113e6c3c8da132765727e609522d4	93d7e20f5d1e7dece8defcc623d3ba83f9ab87aa6e75ec3582dcee47d359b7aa	3a9dd028fb6ec48c24f6f6bb9d0901ae0d7f4aafa91ac643983eccff1be5647c	
02_SLC7A5_mono_Journal/03_Script/99_Archive/cellseq_cellphoneDB_method3_percell.ipynb	archive/journal/cellseq_cellphoneDB_method3_percell.ipynb	notebook_copy_outputs_and_execution_metadata_cleared	2026-04-10T15:57:15	1378626	56841	9d92831cf3e632244f763d171f0bf877a5a1e5ac56cc311dede81f557126db35	885622aa7a21546faf7b96967e6bd7b1819dd02d535bda72d631d39eeb5670f3	9a1fbc76bdf6ed9a7e61cd057608aab0f3181151b200ee44f2583d1e9eff9494	
02_SLC7A5_mono_Journal/03_Script/99_Archive/journal_SLC7A5_scrna_script_001.ipynb	archive/journal/journal_SLC7A5_scrna_script_001.ipynb	notebook_copy_outputs_and_execution_metadata_cleared	2026-04-03T12:52:33	5446824	53266	6a735caeba78d517c0f410924044074fcf0adca4a471ac7f7b6eb07116daf281	8317f6a36ab8d084c820134051de1eb39c646846c17da5927a6bf2515b96f627	0f51d9752ac5744f878cd3c6a5cacd8083e8c0dd4b29e0095fd6e6ff2e0e7846	
02_SLC7A5_mono_Journal/03_Script/99_Archive/scRNA_analysis-01.ipynb	archive/journal/scRNA_analysis-01.ipynb	notebook_copy_outputs_and_execution_metadata_cleared	2026-04-08T16:51:23	9782627	75052	6289167bb762438d8424dafb9381edc53f3c9797083c57680c9cf63f21dcf005	f3b85eab3b8c14ffe00e7beb694d84edee7cc5cf827e61ef9e707c997cf6629b	c1d6ee12d245fe0300772b71ce79b9cc954b3238f90c73541d8043e53639df3a	
02_SLC7A5_mono_Journal/03_Script/99_Archive/scRNA_analysis-02.ipynb	archive/journal/scRNA_analysis-02.ipynb	notebook_copy_outputs_and_execution_metadata_cleared	2026-04-02T13:58:26	14728551	140915	168f1d02cba1047bb3cf7e1b470a2b13299cf8a42c1c91a35c0a95731732afbc	e5275afc9ad7928960fd7e3559ca94723c5e5bb962a870790ccfe6ac5f6e8ba6	c70762d32b10b7ce736aec4f7d3fe6ff0a3e9c4228a2b7b12564f4e7affa3b43	
02_SLC7A5_mono_Journal/03_Script/99_Archive/scRNA_analysis-03.ipynb	archive/journal/scRNA_analysis-03.ipynb	notebook_copy_outputs_and_execution_metadata_cleared	2026-03-19T16:00:13	2029993	19314	946721afaad7f2b5e8759e3f9bed643d164511913d37e4346fc3322431c845aa	195d98ecc9519802f81ed37b03267c7702a0f72a5b7947b27a49173932711db0	76dc23fd2e64eb296d50a8d4c6d84ba64dafd05552ee1da48a473159fa03ccc0	
02_SLC7A5_mono_Journal/03_Script/99_Archive/scRNA_analysis-04.ipynb	archive/journal/scRNA_analysis-04.ipynb	notebook_copy_outputs_and_execution_metadata_cleared	2026-03-30T16:15:56	14025854	75915	59a7430cfe87ee08d6d1b1ef8e02353071a4a271c45075dba18dbeb16a0cf42a	eee56b6bd84bbd5af640bf52ad603e055542c283f6dcc159baa04137044e30a8	29a8fccd6c60a42d5a2e39703fb60d056c408fcc89f2d9d1022f3e8860e2d2dd	
02_SLC7A5_mono_Journal/03_Script/99_Archive/scRNA_analysis_merged.ipynb	archive/journal/scRNA_analysis_merged.ipynb	notebook_copy_outputs_and_execution_metadata_cleared	2026-03-30T16:18:04	24487218	212036	42f3cb753ce06b2605484b95bb7cb5d301cf983d10b97813eaab64f522bb0631	9528dc555b012fb29f7b4642ea557ef651ec3767cfac4c5f17b058ef682ef9bb	e0a9d6151b8c95028d42422e21a310e8f8fd2c95e3cf6493c7d56bffa49fcd7b	
02_SLC7A5_mono_Journal/03_Script/99_Archive/scRNA_mono_analysis.ipynb	archive/journal/scRNA_mono_analysis.ipynb	notebook_copy_outputs_and_execution_metadata_cleared	2026-01-13T14:49:55	12562730	118789	1f6ec8ad8c08c2dc15574997415103f51bccfbe3e39408feefac3a92e48a20cf	2c628be5470f265a5115547c7adc74f25127409af35f0a4165f9c59429c30f55	933ca851ec14463d7208b7078e42f70417165ef14310e7578f0d77708cb674ee	
02_SLC7A5_mono_Journal/03_Script/99_Archive/scRNA_mono_analysis_v260114.ipynb	archive/journal/scRNA_mono_analysis_v260114.ipynb	notebook_copy_outputs_and_execution_metadata_cleared	2026-05-29T16:30:11	21087203	187005	e6c40d0dcdcce9ced50cd6a081def65c44d36c5ed69de5a497101dc55b6d6b96	313364f27ed8ba7a0ea649b6760b28d0082eaf45e785951ecd8dd9925614eaf6	75e8e2b2cd6710d10f73f28f45a351c07cf84345fc552cf50ae574969e6560cc	
02_SLC7A5_mono_Journal/03_Script/99_Archive/scRNA_pipeline.ipynb	archive/journal/scRNA_pipeline.ipynb	notebook_copy_outputs_and_execution_metadata_cleared	2026-03-03T12:38:08	24783982	216188	134e1e168dd07abacdc70d9a12e882409e617ed91c18976ab0ef947cb54534ba	ba002e8c0019918293995a9914c879e96de17dca7c98ac5a76ca91d911252f2e	548fc1f4fe1244c342e06f4a964df343a831af8ce63445669f47f22df185aefb	
02_SLC7A5_mono_Journal/03_Script/99_Archive/scRNA_stellete_analysis01.ipynb	archive/journal/scRNA_stellete_analysis01.ipynb	notebook_copy_outputs_and_execution_metadata_cleared	2026-03-16T18:23:01	629705	6386	d7a027614c7d0d15f37ca0fd5b40f04b2b4e600442fc06cddcb879f3b1e3625a	f5b9adfc809166e7f6a58bb113e823885e5720e3d8d179e9f035e72af24006d8	43ebb0305ca8316a85ab04f5ae7a44810cf9e43d26b860fba09bfa57b4dc5431	
02_SLC7A5_mono_Journal/03_Script/99_Archive/siSLC7A5_bulk_deconv.ipynb	archive/journal/siSLC7A5_bulk_deconv.ipynb	notebook_copy_outputs_and_execution_metadata_cleared	2026-02-12T14:27:12	462655	11986	d0626875791e0bec6e589034106d8e9e591f7ae7a806385a7372dfcaa8bdd459	723b8d023e4756165a5834805f05040762cb74d542569e7b0f79f5a917ed45cc	a8196a3ad6a880c55f96ed3bbf83e8bbeba3d0b06b68aca64e0b4fead23326e5	scRNA 단핵구 참조와 bulk TPM을 이용한 deconvolution 작업본
02_SLC7A5_mono_Journal/03_Script/Journal_script/Figure1.ipynb	scripts/scrna/manuscript/Figure1.ipynb	notebook_copy_outputs_and_execution_metadata_cleared	2026-08-18T17:13:30	2664725	113789	51d5049ddd1b2ea63b7584a86eefd1b8e754c65769985e6c359d90edc3984abe	e6fea3133a6e8cdb7dbf4fc0a17c645acb8943cb82d403b73e10668205a0bb1a	4e7ebe3f02227e9dcbdcad5c284855a652f0142ec2ff03f0761104d9ca17bcab	scRNA 전체 세포/골수계 구성, SLC7A5 발현, 상·하위 20% DEG/GSEA, 분할 가능성 QC
02_SLC7A5_mono_Journal/03_Script/Journal_script/Figure1_Nucseq.ipynb	scripts/snrna/manuscript/Figure1_Nucseq.ipynb	notebook_copy_outputs_and_execution_metadata_cleared	2026-07-21T14:23:15	3089849	89912	9b618d80df5516ae3f15b4a324938e5188c69f535a079216734def5e68e7c750	20bdba3fad14d9c54099e4ca853fa55784b54f57c83af30cd1ead2b7b639f440	7093e0eab2ebd2b74442a8d8bc075fc509942160db452429f82ad26e41f13ee4	snRNA SLC7A5 발현, Macrophage 상·하위 20% DEG/GSEA, 대사·영양결핍 GSEA/ORA
02_SLC7A5_mono_Journal/03_Script/Journal_script/Figure2.ipynb	scripts/scrna/manuscript/Figure2.ipynb	notebook_copy_outputs_and_execution_metadata_cleared	2026-06-22T13:06:08	10499635	101677	a5f9943cb917b6bc164df74ffeeb6662a51ef257f0da2faf6373de8cb7cf1c6c	5fb76b0c6ee1eb28d4e0f9c17d332c5c427304da1317967ac85374d55c9e882f	79c505c5133b059d99369df5024641e9352f6d7b46748a2428fd14e66f1838e0	Monocyte/Macrophage 세부 주석; Classical vs Special(SLC7A5-high) 비교·GSEA
02_SLC7A5_mono_Journal/03_Script/Journal_script/Figure3-1.ipynb	scripts/scrna/manuscript/Figure3-1.ipynb	notebook_copy_outputs_and_execution_metadata_cleared	2026-05-10T14:10:21	15340460	178698	0f33c51968304fdd50e586748c88624cfec7e2de6e3d5ce256e8120fe77661a6	92c0fe6fb39becd221cb89208a0cc58cffa2dad97b5dfaad85a9f968e9dce116	8058f10f1d62e81badd7c1dd60e4c355a680e2692ddbbbff72f6d4da90e4020a	pySCENIC: Classical/Special monocyte TF·regulon·AUC·target 분석
02_SLC7A5_mono_Journal/03_Script/Journal_script/Figure3-2.ipynb	scripts/scrna/manuscript/Figure3-2.ipynb	notebook_copy_outputs_and_execution_metadata_cleared	2026-04-23T13:15:06	9053538	93175	e760eb9436b7624d3fbae8c6d9513944ae9493414f08b362459c755d3f71f097	b1d72ad24198120b54ae8c8a0f53fe27f10e615bb8611829fa638b0e42cb3eb9	4c519562f5ca33d248e9d126e07888ae84c4febe687986ddfd4ee574f80c8233	CellPhoneDB method3: Special_monocyte의 Healthy/MASLD 세포 간 상호작용
02_SLC7A5_mono_Journal/03_Script/Journal_script/Figure3-3.ipynb	scripts/scrna/manuscript/Figure3-3.ipynb	notebook_copy_outputs_and_execution_metadata_cleared	2026-05-13T13:49:25	752000	20323	786a4d6098987335a7e28383faefae218e047fc30997454779840d2ab890de0d	a8fd8784174de7638c508cbcdc0dd7163571dbfd71b3b6d4c23e615c52dbc8dd	7019dcb1171c85e36fab8f4b003483e1f9ed3db07d2f7798da7cf378e3ed2662	TLR4/TNF receptor 발현 및 TNF-NFKB·mTORC1·MyD88 경로 점수
02_SLC7A5_mono_Journal/03_Script/Journal_script/Suppl_Figure2_analysis.ipynb	scripts/scrna/manuscript/Suppl_Figure2_analysis.ipynb	notebook_copy_outputs_and_execution_metadata_cleared	2026-05-11T13:59:43	692553	4905	521edb63a00b77fa1b47ce0a974f3fae654c7b7a5bee9cb5addbe69bc4c01409	b070b24b08d3fa4fb2d2fcd69b9e7c4d98a63013ac475616ee291fc61238bb49	3ab627730739f5ff2a6e6a452b730711933dd611df3ed2929bb80e81efb17bd4	SLC7A5/CCR2/CD14/FCGR3A 및 염증 마커 보조 비교
02_SLC7A5_mono_Journal/04_bulkRNAseq/Liver_siSLC7A5_bulkanalysis.Rmd	archive/bulk/knockdown/Liver_siSLC7A5_bulkanalysis.Rmd	byte_identical_copy	2026-02-27T14:18:56	5226	5226	960208364e1d8e9b21f34fe649b3b81413739a4c7e68524209e41d336e4792ad	960208364e1d8e9b21f34fe649b3b81413739a4c7e68524209e41d336e4792ad	960208364e1d8e9b21f34fe649b3b81413739a4c7e68524209e41d336e4792ad	기존 siSLC7A5 bulk 탐색·발현 분석
02_SLC7A5_mono_Journal/04_bulkRNAseq/Liver_siSLC_bulk_DESeq2.Rmd	scripts/bulk/knockdown/Liver_siSLC_bulk_DESeq2.Rmd	byte_identical_copy	2026-05-13T16:18:03	42157	42157	7bedbcb9ce9d5ef607cbdc0d2fd4a37256dac067edb1bb2c30f99b130f40ffba	7bedbcb9ce9d5ef607cbdc0d2fd4a37256dac067edb1bb2c30f99b130f40ffba	7bedbcb9ce9d5ef607cbdc0d2fd4a37256dac067edb1bb2c30f99b130f40ffba	siSLC7A5/LPS bulk DESeq2 기본 분석
02_SLC7A5_mono_Journal/04_bulkRNAseq/Liver_siSLC_bulk_DESeq2_nosiCon1.Rmd	scripts/bulk/knockdown/Liver_siSLC_bulk_DESeq2_nosiCon1.Rmd	byte_identical_copy	2026-08-12T12:26:16	38860	38860	f395d68964cb5b87672f02f8c6b9bbf1c79053cb2726a21c52d698119b882f63	f395d68964cb5b87672f02f8c6b9bbf1c79053cb2726a21c52d698119b882f63	f395d68964cb5b87672f02f8c6b9bbf1c79053cb2726a21c52d698119b882f63	siCon_1 제외 재분석; LPS 증가/KD 감소 유전자 교집합
02_SLC7A5_mono_Journal/04_bulkRNAseq/Supplementary_Figure_S3_shared_NFKB_targets.Rmd	scripts/bulk/knockdown/Supplementary_Figure_S3_shared_NFKB_targets.Rmd	byte_identical_copy	2026-06-21T15:15:07	24584	24584	efcc1e42fc46fc34b2fb930ecca1c2541682160d5fe3255075ba95e9700142cd	efcc1e42fc46fc34b2fb930ecca1c2541682160d5fe3255075ba95e9700142cd	efcc1e42fc46fc34b2fb930ecca1c2541682160d5fe3255075ba95e9700142cd	scRNA SLC7A5-high signature와 bulk LPS/KD의 공통 NFKB target 분석
02_SLC7A5_mono_Journal/04_bulkRNAseq/additional/Liver_siSLC_bulk_DESeq2_additional.Rmd	scripts/bulk/knockdown/additional/Liver_siSLC_bulk_DESeq2_additional.Rmd	byte_identical_copy	2026-05-28T15:25:13	38962	38962	45312532c202a40db6495aab5585687567c18eca5b8b7df73be0a0dd4ce65641	45312532c202a40db6495aab5585687567c18eca5b8b7df73be0a0dd4ce65641	45312532c202a40db6495aab5585687567c18eca5b8b7df73be0a0dd4ce65641	추가 bulk 입력 자료 분석
02_SLC7A5_mono_Journal/04_bulkRNAseq/bulkRNAseq_pipeline.Rmd	archive/reference_templates/bulkRNAseq_pipeline.Rmd	byte_identical_copy	2026-04-02T16:35:52	16139	16139	f643c0c4d3359fb95d344e7602a38f32cc6fdade69c2984f244f7defee3892e5	f643c0c4d3359fb95d344e7602a38f32cc6fdade69c2984f244f7defee3892e5	f643c0c4d3359fb95d344e7602a38f32cc6fdade69c2984f244f7defee3892e5	bulk RNA-seq 처리 파이프라인 보조 코드
02_SLC7A5_mono_Journal/04_bulkRNAseq/bulk_DESeq2.Rmd	archive/bulk/knockdown/bulk_DESeq2.Rmd	byte_identical_copy	2026-03-03T18:18:02	22253	22253	dae5f37954135d0b4b61da0e1767d4651b14412383f962a05259c1bf518a7304	dae5f37954135d0b4b61da0e1767d4651b14412383f962a05259c1bf518a7304	dae5f37954135d0b4b61da0e1767d4651b14412383f962a05259c1bf518a7304	기존 DESeq2 분석본; 03_bulkRNAseq 내 두 파일과 소스 동일
02_SLC7A5_mono_Journal/05_Figure/monomacDEG/make_suppl_table.py	scripts/utils/make_suppl_table.py	byte_identical_copy	2026-04-08T16:41:38	12630	12630	39f7bd12d7ffa79d1856a69f48fd92944b62e12d8bd34935c7dfd0d53052a92f	39f7bd12d7ffa79d1856a69f48fd92944b62e12d8bd34935c7dfd0d53052a92f	39f7bd12d7ffa79d1856a69f48fd92944b62e12d8bd34935c7dfd0d53052a92f	
02_SLC7A5_mono_Journal/SL7A5_monocyte_Journal/Script/Cell_clustering.ipynb	archive/initial_clustering/Cell_clustering.ipynb	notebook_copy_outputs_and_execution_metadata_cleared	2025-11-21T12:33:14	3131	1302	3d4269fc32065806a51eb4a7c6eb487220940d8bb670717eeb33480fdaeb3dd0	bff1dbf9a1e36888eaf8b307db4413eabac556416fc12a3c5829da93645f2a69	b18021fbd2166b6bd0a66490db06f609d1d0180890b8410275e361a3ddc586e0	
02_SLC7A5_mono_Journal/SL7A5_monocyte_Journal/Script/Nuc_clustering.ipynb	archive/initial_clustering/Nuc_clustering.ipynb	notebook_copy_outputs_and_execution_metadata_cleared	2025-11-26T14:55:35	2884577	19726	bc83eac27d821a86bc8ba5c2bfe37d958981bb09c5fc72d96c40f0f823250144	dc405ecd6cc32cd1a4a83615d4b4375e19930e76096a4109b20549e08e6ae673	ee4226c450d1ebc0c305b1029e98929f640e68a8cdafe2543c4a4cb472111f02	
03_bulkRNAseq/04_Script/HYU_SLC7A5_fibrosis_expression.Rmd	scripts/bulk/hyu/HYU_SLC7A5_fibrosis_expression.Rmd	byte_identical_copy	2026-05-04T15:46:11	14012	14012	af63e4382ecbde274557acb590847626a35eefe4144e2236d53a1d7a29771a63	af63e4382ecbde274557acb590847626a35eefe4144e2236d53a1d7a29771a63	af63e4382ecbde274557acb590847626a35eefe4144e2236d53a1d7a29771a63	HYU bulk SLC7A5 발현과 질환/섬유화 단계의 연관성
03_bulkRNAseq/04_Script/HYU_independent_bulk_validation.Rmd	scripts/bulk/hyu/HYU_independent_bulk_validation.Rmd	byte_identical_copy	2026-05-04T15:42:29	12422	12422	31387998f50aa8dff81683a73a296dd5ec716480be2bea4d51462384fe24b1dd	31387998f50aa8dff81683a73a296dd5ec716480be2bea4d51462384fe24b1dd	31387998f50aa8dff81683a73a296dd5ec716480be2bea4d51462384fe24b1dd	siSLC7A5 KD 후보 유전자의 HYU 독립 bulk 코호트 검증·섬유화 연관성
03_bulkRNAseq/04_Script/Liver_HYU_bulkanalysis.Rmd	supporting/bulk/hyu/Liver_HYU_bulkanalysis.Rmd	byte_identical_copy	2026-02-27T14:18:53	3842	3842	b5e78a51bc38f9a8bb95957d72e320f4b5faf9364cd502e36e2363beba628e39	b5e78a51bc38f9a8bb95957d72e320f4b5faf9364cd502e36e2363beba628e39	b5e78a51bc38f9a8bb95957d72e320f4b5faf9364cd502e36e2363beba628e39	HYU bulk 데이터 공통 분석/준비
03_bulkRNAseq/04_Script/Liver_siSLC_bulk_DESeq2.Rmd	archive/bulk/knockdown/bulk_DESeq2.Rmd	identical_duplicate_mapped_to_existing_copy	2026-03-17T17:12:24	22253	22253	dae5f37954135d0b4b61da0e1767d4651b14412383f962a05259c1bf518a7304	dae5f37954135d0b4b61da0e1767d4651b14412383f962a05259c1bf518a7304	dae5f37954135d0b4b61da0e1767d4651b14412383f962a05259c1bf518a7304	기존 siSLC7A5 DESeq2 분석본
03_bulkRNAseq/04_Script/bulk_DESeq2.Rmd	archive/bulk/knockdown/bulk_DESeq2.Rmd	identical_duplicate_mapped_to_existing_copy	2026-03-10T09:43:53	22253	22253	dae5f37954135d0b4b61da0e1767d4651b14412383f962a05259c1bf518a7304	dae5f37954135d0b4b61da0e1767d4651b14412383f962a05259c1bf518a7304	dae5f37954135d0b4b61da0e1767d4651b14412383f962a05259c1bf518a7304	기존 DESeq2 분석본
04_Nucseq_analysis/03_script/Bulk_vs_NucSeq_overlap_analysis.ipynb	supporting/cross_modality/Bulk_vs_NucSeq_overlap_analysis.ipynb	notebook_copy_outputs_and_execution_metadata_cleared	2026-03-26T13:56:50	922875	28175	0c1b3549a279d6d7b1717a9516b3812b06473daeb74d30d082a78894222b160f	9af290e9e885102568f44ddba0c3cd6e9d974e993fac8c6a6155793d757233d0	5f3a0d0fa74db110e2a1f7321625affbdddb25f25b7be7e6b201a8f530d02781	
04_Nucseq_analysis/03_script/Liver_MASLD_integrated_analysis.ipynb	supporting/snrna/integration/inhouse/Liver_MASLD_integrated_analysis.ipynb	notebook_copy_outputs_and_execution_metadata_cleared	2026-03-03T10:59:17	201539	201025	16f5145f3b670a05724797c8244b4a6e53c9baef764cfe1e657dc4a5f27617a8	e4c9015b924817ea793ec15f9c3b8b81499a4a0b4530fa9da887d44e35341636	775acca800afc560fd1590795eaaf216759c4405f4484977ec9125bbb38b60e4	공개/자체 snRNA 통합, SLC7A5 및 myeloid 관련 분석
04_Nucseq_analysis/03_script/Liver_Nucseq_age_bin_analysis.ipynb	supporting/snrna/age/Liver_Nucseq_age_bin_analysis.ipynb	notebook_copy_outputs_and_execution_metadata_cleared	2026-03-26T09:54:05	1018669	70451	73883696fdcbd9cc56003f86006b189a353b704f3d32c1da4d08fa7d5494a342	6d70647096b160a7e4be73648643b921fa0f7b48d9cf6724dbf8c8ecdd6182bb	d36d80cfd102940c1da680b4dc8b39cad5df6db244c55e80b44056e0f45ebb65	연령 구간별 분석 안에 SLC7A5 지정 유전자 발현/상관분석 포함
04_Nucseq_analysis/03_script/NucSeq_Fisher_Z_age_correlation_comparison.ipynb	supporting/snrna/age/NucSeq_Fisher_Z_age_correlation_comparison.ipynb	notebook_copy_outputs_and_execution_metadata_cleared	2026-03-26T14:59:42	60216	41260	b0ae325cc238e4bcb76aee17b226cfda82a49a10c97c1455ae3d3732350d75b4	36f7d24dd4213d1b02d540353a2e71ca5588ad8bd984044a02184897633b09c8	a3ef1cbf4f19b589d072c4751e8da00b8819ac5022b0d207e431dcfd8c1252da	
04_Nucseq_analysis/03_script/Nucseq_GSEA_SLC7A5Fig1.ipynb	scripts/snrna/gsea/Nucseq_GSEA_SLC7A5Fig1.ipynb	notebook_copy_outputs_and_execution_metadata_cleared	2026-04-13T10:48:18	3379395	52321	8fd350104251aa9b8fcf85e545ef29c6d16ab77b0d6fa59e7aac5dac64fd58be	3e6b8380c66d8d8267e61f3d4abf9bc5eae0bda98c0ce88ed9c3038db1d420b8	5b777dfb4aaa25ac73263f18e7449b626c9831dbe8179c62577e399c2e5dbbaa	snRNA 세포 유형별 SLC7A5 양성/음성 DEG·GSEA
50_Public_GEO_analysis/analysis/01_MergeNucseq/01_SCVI_ref_cellannnotation.ipynb	supporting/snrna/integration/public_geo/01_SCVI_ref_cellannnotation.ipynb	notebook_copy_outputs_and_execution_metadata_cleared	2025-12-16T15:02:30	2173654	8210	f1e068dada8635fbfd037036279e8d530e9791974c78527b679adf34b41f435a	b4db22dbee82752f72444399bb475522c2de4d35abc40524507a1ceb0cd2d491	93057513625f632407ff19ffd372c5d87ca34590ce0315105a3cd8eeadad3299	
50_Public_GEO_analysis/analysis/Liver_Bio_Nucseq_analysis_0121.ipynb	supporting/snrna/integration/public_geo/Liver_Bio_Nucseq_analysis_0121.ipynb	notebook_copy_outputs_and_execution_metadata_cleared	2026-07-13T13:44:04	18250193	166435	25193c76a3f9e63386df9a71e6af3e331b806f8fdc37a3daf44da0430213872c	eef17022587db86b34a29013f787ebc014e4bb2032b4f2717c2d7348a0058292	3497bba4eff1027e967dc46ae7410fc0c5e59d0880d75aa16f0d85d28dd1d2df	공개/자체 snRNA 통합, monocyte subset·질환 단계·SLC7A5 분석
50_Public_GEO_analysis/analysis/Liver_MASLD_integrated_analysis.ipynb	supporting/snrna/integration/public_geo/Liver_MASLD_integrated_analysis.ipynb	notebook_copy_outputs_and_execution_metadata_cleared	2026-02-24T09:39:52	204072	203558	ffdcddbe708a4f13e9502688e2e2761634311dd32a9bcc6752e75f7f854dd29e	11e388c6bf03f1791a009ce99a7b6bd43b5ad5da71e6bf8339df74d4743c03fb	8cab6059def568e8cbca150bb7b4a8cd3165720e583a05c7c766d7cb04c94715	공개/자체 snRNA 통합 및 SLC7A5/myeloid 탐색
50_Public_GEO_analysis/analysis/Liver_bio_Nucseq_Hepatocyte.ipynb	supporting/snrna/other_celltypes/Liver_bio_Nucseq_Hepatocyte.ipynb	notebook_copy_outputs_and_execution_metadata_cleared	2026-01-08T20:05:20	5925590	17914	b3a2d651db28070b9b2951ea22beace702f72503479e640fa84e3adc434f2660	9558a2361409295b5c2dd151c87c11a2054154f48d4b177b839f48ae6c0c397e	28d01879e236be10709f060863665bf30853c7face5f1aaf8e3c96b053dfa2b8	다른 세포 유형: Hepatocyte SLC7A5 발현 탐색
50_Public_GEO_analysis/analysis/Nuc_stellete.ipynb	supporting/snrna/other_celltypes/Nuc_stellete.ipynb	notebook_copy_outputs_and_execution_metadata_cleared	2026-01-06T13:01:42	1982482	6601	fbb8eb4ed4b80dabdd5b4d6a58b27328406d2f5456fe50d394643d9a9b58ae59	b1a9be9fce50689a86e09fd8fc082e8a991f1fa6cafdaac134e0a10ded7b42db	fd97050eb32a2969f47e50c4c902cb489864e43d243860cfe6cc2b0175bd847f	다른 세포 유형: Stellate SLC7A5 발현 탐색
Cellseq/scRNAseq_Liver_Nature_2019.Rmd	archive/scrna/reference/scRNAseq_Liver_Nature_2019.Rmd	byte_identical_copy	2025-11-20T15:56:08	325627	325627	47e803f37108e20bf4fc195f60fbe4d0074a1e063b3bc4800ce44683cd49fddb	47e803f37108e20bf4fc195f60fbe4d0074a1e063b3bc4800ce44683cd49fddb	47e803f37108e20bf4fc195f60fbe4d0074a1e063b3bc4800ce44683cd49fddb	기존 scRNA 단핵구·SLC7A5 분석 R 코드(3개 위치에 동일 소스)
MASLD_collaboration/MASLD_nuc_MP.Rmd	archive/snrna/MASLD_nuc_MP.Rmd	byte_identical_copy	2025-05-28T11:14:39	14922	14922	c046bdcfc9dfcf7b5354b8a7c8d5834f7fc1be78161729ab8bf44283a8dc341a	c046bdcfc9dfcf7b5354b8a7c8d5834f7fc1be78161729ab8bf44283a8dc341a	c046bdcfc9dfcf7b5354b8a7c8d5834f7fc1be78161729ab8bf44283a8dc341a	기존 snRNA MP/대식세포 SLC7A5 발현 분석
MASLD_collaboration/MP_analysis/MP_MASLD_paper/scripts/scRNAseq_Liver_Nature_2019.Rmd	archive/scrna/reference/scRNAseq_Liver_Nature_2019.Rmd	identical_duplicate_mapped_to_existing_copy	2025-05-28T11:14:39	325627	325627	47e803f37108e20bf4fc195f60fbe4d0074a1e063b3bc4800ce44683cd49fddb	47e803f37108e20bf4fc195f60fbe4d0074a1e063b3bc4800ce44683cd49fddb	47e803f37108e20bf4fc195f60fbe4d0074a1e063b3bc4800ce44683cd49fddb	
MASLD_collaboration/MP_analysis/multiomics_analysis/MASLD_multi_analysis.ipynb	archive/multiomics/mp_analysis/MASLD_multi_analysis.ipynb	notebook_copy_outputs_and_execution_metadata_cleared	2025-07-15T15:25:50	9068611	36387	698aedd36884f827df06fa7526def1b5ed025f616d2c23230042cdffbff7560d	6eec9b41602fd9225cc10fb4de1d1ea61fe1cb3b4ba90158e85c940aeceefdd1	2a6116b607f847a5d8220b29560755b47d4d8aa4c006adf48f307f807aa871f1	
MASLD_collaboration/MP_analysis/multiomics_analysis/analysis_script/MASLD_multiomics_analysis.ipynb	archive/multiomics/mp_analysis/analysis_script/MASLD_multiomics_analysis.ipynb	notebook_copy_outputs_and_execution_metadata_cleared	2026-08-18T09:56:33	7456963	49329	130a5f4615532428d1edfa5fb402f0759071f16c924906d5d9c0c760a66486da	933ec1bb6532b44f9114d582d930075783afd764fb11cd9fa9f596d933c2911d	0a6df0eace15e92f9f5980942b963b2cab6b5c499b275fbd8d70eb0d62cbc1a2	
MASLD_collaboration/MP_analysis/multiomics_analysis/analysis_script/multiomics_macrophage_analysis.ipynb	archive/multiomics/mp_analysis/analysis_script/multiomics_macrophage_analysis.ipynb	notebook_copy_outputs_and_execution_metadata_cleared	2025-07-17T13:55:58	8584554	27826	372a29953be68aa8aefde6702b9d0d5cad0776a4c2a72ce5a26f249a5fd478b9	47d3088ca7081380229cbe01c21ee99d3136c02a300dffb5d3f1cae86b54e152	6edf242d5696c4962eb483c50d5003ea2f66893b63678e6152265d929f299ef2	MP_analysis 내 macrophage 다중 데이터 작업본
MASLD_collaboration/MP_analysis/multiomics_analysis/celltypist.ipynb	archive/multiomics/mp_analysis/celltypist.ipynb	notebook_copy_outputs_and_execution_metadata_cleared	2025-08-12T13:15:18	849633	3291	fbc53afea04ee7d842b7e9868f9a646b92b50eabf0c3cf9993c398732c69fd89	b0145bacffc7df0597cc8cd4ef16b0a751846672f543b5eaa3c3fe914150f982	5b5f5b825e7cb73a0768d5b6b8f1fad53fd43b6b93ad49e2bd51e99e4c1b1ff2	
MASLD_collaboration/MP_analysis/sn_analysis/sn_MASLD_mono.ipynb	archive/snrna/sn_MASLD_mono.ipynb	notebook_copy_outputs_and_execution_metadata_cleared	2025-08-14T13:54:05	16601104	102873	15b32b6e88b12ed092c9e0bb49c20ea73caaa338d794b99cfca075ed55d8c2c3	2e96aa0ef5d6f9d1fb6016fe508e8587d0e1e2b3754b2fff10d8e5e5baf7a1c4	eefb810b6ec82ea89a2791f996eadd318e5dbe70b2a3d7d297204292287642d0	기존 snRNA 단핵구/SLC7A5 분석
MASLD_collaboration/Spatial_data/Spatial_1.ipynb	supporting/spatial/Spatial_1.ipynb	notebook_copy_outputs_and_execution_metadata_cleared	2025-08-28T16:01:39	29190516	25311	2294673b2a6391e25f0cdd02e7567f1ce13b1f61b8f03db33a1f1c63fe67e798	64f9e011def78c77b77a3e6570329c3d16f6e69c290d1c0a1f371b578bfc4073	76e39ae798d9de154d6d3da8c1fb0b9f74497c6c3f116d72b665c5e63ed13776	범위 밖 보조: 공간전사체에서 SLC7A5 발현 확인
MASLD_collaboration/analysis_notbook/cellchat_analysis/SJLee_work/cellchat_reanalysis_step3.Rmd	archive/cellchat/cellchat_reanalysis_step3.Rmd	byte_identical_copy	2025-07-14T15:46:00	28305	28305	b649d8fb63a48c12a484907eb182587f5622d3944d96c3d83bc5e3e62d9f4bb3	b649d8fb63a48c12a484907eb182587f5622d3944d96c3d83bc5e3e62d9f4bb3	b649d8fb63a48c12a484907eb182587f5622d3944d96c3d83bc5e3e62d9f4bb3	LSEC/혈소판/Monocyte CellChat 연관 작업
MASLD_collaboration/analysis_notbook/nuc_big_analysis/sc_MASLD_analysis.ipynb	archive/scrna/preprocessing/sc_MASLD_analysis.ipynb	notebook_copy_outputs_and_execution_metadata_cleared	2025-07-25T11:12:18	4832664	31556	09b0ad0697fc3194c3b92372483296f7594793612550d17b218f4acf2a3c79c7	19ff0dbcee47577387e9793d53c006a9e54dbc925b5b82acf8450d7112688f92	8ff407e0b3533ab54cad698189c35eb8ef1f7142de9969b9216f87c68992a514	
MASLD_collaboration/analysis_notbook/script/MASLD_nucseq_analysis.ipynb	archive/snrna/preprocessing/MASLD_nucseq_analysis.ipynb	notebook_copy_outputs_and_execution_metadata_cleared	2025-07-16T11:13:51	11182611	32909	e77c0e74f982091f7b9ed1e9520ad8c3b5cf448669410d93ee066bf5a0ff47c1	3038b0f1356b62f6c2707face034241112275816455a09c84fcfaf8d5c12bf58	73397709d1aa05d28e690992d6a72096e0c6c8769e0810c4ddf1755d60bfaf41	기존 snRNA myeloid subset 및 SLC7A5 탐색
MASLD_collaboration/analysis_notbook/script/Nucseq_prefiltering.ipynb	archive/snrna/preprocessing/Nucseq_prefiltering.ipynb	notebook_copy_outputs_and_execution_metadata_cleared	2025-08-13T19:23:19	33574086	116968	792e39b3c948607eea317924e6f429acc4754b1a80149d2ddc752c965f77fad9	4a6ed16edd20e10d5609ee61f09ddd84f187cd9978f2cd09ff17b7e1fe0f4be7	7f57205ba9c72670d3e8561fe9a74a428b46f4ca7e828c9f5c58bf0abc80138b	
MASLD_collaboration/multiomics_analysis/analysis_script/MASLD_multiomics_analysis_merging.ipynb	archive/multiomics/main/MASLD_multiomics_analysis_merging.ipynb	notebook_copy_outputs_and_execution_metadata_cleared	2025-10-27T17:12:39	28279173	116409	90c15ee410d8c51d1ab844eb7acdfbbfcd2cd7b132efee8608ebcf25cd382c08	c5b565d06ee1d178ba78ae95cfd52fedf0dcb6c36cdbb9086e682a1f1fe442c1	25844b5f1f3cacbeeedd58d42bcd640450f491026c4d232e470976a8e6cd20f0	
MASLD_collaboration/multiomics_analysis/analysis_script/multiomics_macrophage_analysis.ipynb	archive/multiomics/main/multiomics_macrophage_analysis.ipynb	notebook_copy_outputs_and_execution_metadata_cleared	2025-10-28T13:25:41	9032362	33263	c2adab5d586fa52176d1c3c148899126c6579206418eb8ffa475ac3088ac0221	3783b669f904101726265fc86c8c53e4e718dc10294b157e74c401d76a1d30ff	ccf2435a8b8f0b7c5cd08a2216df3d79eccf2b066667391af54eb7a9ec83df00	기존 macrophage 다중 데이터 분석·SLC7A5
MASLD_collaboration/multiomics_analysis/scRNA_v1/MASLD_monoMAC_Cellchat.Rmd	archive/scrna/MASLD_monoMAC_Cellchat.Rmd	byte_identical_copy	2025-09-10T14:21:12	1365	1365	3630a1093fdb53a47b3b75a5eb220c54a1138792179bd8616e39e14ef2f9d562	3630a1093fdb53a47b3b75a5eb220c54a1138792179bd8616e39e14ef2f9d562	3630a1093fdb53a47b3b75a5eb220c54a1138792179bd8616e39e14ef2f9d562	Monocyte/Macrophage CellChat 분석
MASLD_collaboration/multiomics_analysis/scRNA_v1/SLC7A5_scanalysis.ipynb	archive/scrna/SLC7A5_scanalysis.ipynb	notebook_copy_outputs_and_execution_metadata_cleared	2025-10-28T12:47:17	302507	5135	dee78813f1c2d3b9c98f6233d3a74e57558eee727df803124040ea16fa0351b7	1af904fb427085471ec7fd86136a80fc199c24474b2dd60df3ab61eb5bb391d0	e6aea475d7779f4a7fc7f45256c32018662c7ee86989cb7917d461a67287d872	기존 scRNA SLC7A5 발현/양성·음성 탐색
MASLD_collaboration/multiomics_analysis/scRNA_v1/scRNA_mono_analysis.ipynb	archive/scrna/scRNA_mono_analysis.ipynb	notebook_copy_outputs_and_execution_metadata_cleared	2025-12-02T15:03:27	13466796	124244	1ed58c82fa138a6d20cc9100e08c0097dd20a2e24697fa63699e86f9d63d0f8b	0203e2e658788872c91bc0e27300c45860f4a3a8840a7851f4adf9a9fb394c17	aacb15f4b795df54da24f1f981b26d839d7d8cde2e4081a627b7c4e0ba8dc483	기존 scRNA 단핵구 subcluster·SLC7A5·DEG·경로 분석
MASLD_collaboration/multiomics_analysis/snRNA_v1/Untitled.ipynb	archive/snrna/Untitled.ipynb	notebook_copy_outputs_and_execution_metadata_cleared	2026-03-30T20:05:57	558458	4539	432125715a8258d12540304e3e4745622319645456761635953c69309b18c9cd	bcf63c891ecd9aa6ee15ed8f337b54f76ad2d63d1b7f90cd3a47b5917993007c	edaf383b50d461965566fe1960e10bc447d542c9ea27cb326328b5835840d020	
MASLD_collaboration/pre_work/pre_work/scRNAseq_Liver_Nature_2019.Rmd	archive/scrna/reference/scRNAseq_Liver_Nature_2019.Rmd	identical_duplicate_mapped_to_existing_copy	2025-07-29T13:16:13	325627	325627	47e803f37108e20bf4fc195f60fbe4d0074a1e063b3bc4800ce44683cd49fddb	47e803f37108e20bf4fc195f60fbe4d0074a1e063b3bc4800ce44683cd49fddb	47e803f37108e20bf4fc195f60fbe4d0074a1e063b3bc4800ce44683cd49fddb	
